,Distance,Ev#,Final,Name,Points,Prelim,Rank,School,Stroke,Yr
0,500.0,2.0,4:24.07,"Smit, Mike",30.0,4:25.94,1.0,Cornell,Freestyle,SR
1,500.0,2.0,4:24.07,"Newman, Wes",30.0,4:26.28,1.0,Cornell,Freestyle,SO
2,500.0,2.0,4:24.19,"Wollner, Samuel",27.0,4:26.38,3.0,Harvard,Freestyle,JR
3,500.0,2.0,4:26.09,"Lynch, Eric",26.0,4:26.51,4.0,Harvard,Freestyle,SO
4,500.0,2.0,4:27.74,"Lee, Hyun",25.0,4:26.12,5.0,Columbia,Freestyle,SO
5,500.0,2.0,4:28.00,"Griest, Robert",24.0,4:28.10,6.0,Princeton,Freestyle,SO
6,500.0,2.0,4:28.74,"Foss, Andrew",23.0,4:27.78,7.0,Yale,Freestyle,SR
7,500.0,2.0,4:32.30,"Ashley, Dave",22.0,4:28.28,8.0,Princeton,Freestyle,SR
8,500.0,2.0,4:27.88,"Brunnick, Mason",20.0,4:29.86,9.0,Harvard,Freestyle,FR
9,500.0,2.0,4:29.19,"Ellis, Kevin",17.0,4:29.18,10.0,Dartmouth,Freestyle,SO
10,500.0,2.0,4:30.38,"Meyer, Alex",16.0,4:30.10,11.0,Harvard,Freestyle,FR
11,500.0,2.0,4:30.89,"Eckel, Dan",15.0,4:29.98,12.0,Princeton,Freestyle,SO
12,500.0,2.0,4:31.32,"Volosin, Peter",14.0,4:31.08,13.0,Brown,Freestyle,JR
13,500.0,2.0,4:32.42,"Buncher, Stan",13.0,4:30.64,14.0,Princeton,Freestyle,JR
14,500.0,2.0,4:32.84,"Flemming, Danny",12.0,4:31.59,15.0,Navy,Freestyle,SR
15,500.0,2.0,4:33.27,"Abbott, Jake",11.0,4:32.04,16.0,Columbia,Freestyle,SR
16,500.0,2.0,4:28.92,"Mukri, Kevin",9.0,4:32.17,17.0,Navy,Freestyle,SR
17,500.0,2.0,4:30.78,"McCloskey, Dennen",7.0,4:32.63,18.0,Yale,Freestyle,SO
18,500.0,2.0,4:31.94,"Wakefield, Kevin",6.0,4:32.28,19.0,Columbia,Freestyle,SO
19,500.0,2.0,4:32.44,"Gray, Thomas",5.0,4:32.12,20.0,Harvard,Freestyle,FR
20,500.0,2.0,4:32.45,"Cousins, Sebastian",4.0,4:33.32,21.0,Yale,Freestyle,SO
21,500.0,2.0,4:34.85,"McGrath, Jason",3.0,4:34.46,22.0,Pennsylvania,Freestyle,SR
22,500.0,2.0,4:36.95,"Fog, Henning",2.0,4:32.05,23.0,Columbia,Freestyle,JR
23,500.0,2.0,4:37.79,"Guthmann, David",1.0,4:34.53,24.0,Navy,Freestyle,SO
0,200.0,3.0,1:44.67,"Rathgeber, Geoff",32.0,1:48.88,1.0,Harvard,IM,JR
1,200.0,3.0,1:48.53,"Schaffer, Will",28.0,1:49.26,2.0,Princeton,IM,SO
2,200.0,3.0,1:50.01,"Hasbani, Meir",27.0,1:49.66,3.0,Princeton,IM,SR
3,200.0,3.0,1:50.90,"Ruse, Tim",26.0,1:51.25,4.0,Princeton,IM,SR
4,200.0,3.0,1:50.93,"Meyer, Adam",24.5,1:51.44,5.0,Navy,IM,FR
5,200.0,3.0,1:50.93,"Fitzpatrick, Luke",24.5,1:50.85,5.0,Columbia,IM,SR
6,200.0,3.0,1:51.11,"Quemena, Chris",23.0,1:50.71,7.0,Princeton,IM,FR
7,200.0,3.0,1:51.51,"Hartmann, Jon",22.0,1:51.53,8.0,Princeton,IM,FR
8,200.0,3.0,1:51.23,"Pagan, Darren",20.0,1:51.62,9.0,Columbia,IM,FR
9,200.0,3.0,1:52.30,"Chen, Easton",17.0,1:52.34,10.0,Princeton,IM,SO
10,200.0,3.0,1:52.59,"Jones, Dan",16.0,1:52.29,11.0,Harvard,IM,SO
11,200.0,3.0,1:52.63,"O'Mara, Michael",15.0,1:52.89,12.0,Brown,IM,SR
12,200.0,3.0,1:52.88,"Ott, Mike",14.0,1:52.84,13.0,Princeton,IM,SR
13,200.0,3.0,1:52.91,"Rubenstein, Billy",13.0,1:52.67,14.0,Yale,IM,JR
14,200.0,3.0,1:53.38,"Jenkins, Christopher",12.0,1:52.36,15.0,Navy,IM,JR
15,200.0,3.0,1:53.46,"Bowen, Michael",11.0,1:52.81,16.0,Harvard,IM,JR
16,200.0,3.0,1:51.95,"Vey, Billy",9.0,1:53.15,17.0,Navy,IM,SO
17,200.0,3.0,1:53.16,"Dufek, Chris",7.0,1:52.95,18.0,Yale,IM,SR
18,200.0,3.0,1:53.42,"Campbell, Nick",6.0,1:53.04,19.0,Cornell,IM,FR
19,200.0,3.0,1:53.54,"Alexander, Richard",5.0,1:53.98,20.0,Brown,IM,SO
20,200.0,3.0,1:53.76,"Silvester, Alex",4.0,1:54.38,21.0,Pennsylvania,IM,SR
21,200.0,3.0,1:54.45,"Kysiak, Kevin",3.0,1:54.63,22.0,Navy,IM,JR
22,200.0,3.0,1:54.47,"Melillo, Simone",2.0,1:54.19,23.0,Harvard,IM,FR
23,200.0,3.0,1:54.71,"Oates, Nick",1.0,1:54.48,24.0,Cornell,IM,JR
0,50.0,4.0,19.68,"Righi, Alex",32.0,20.22,1.0,Yale,Freestyle,SO
1,50.0,4.0,20.43,"Quinn, Pat",28.0,20.39,2.0,Harvard,Freestyle,JR
2,50.0,4.0,20.48,"Kelly, Brian",27.0,20.48,3.0,Brown,Freestyle,JR
3,50.0,4.0,20.49,"Guernsey, David",25.5,20.61,4.0,Harvard,Freestyle,SO
4,50.0,4.0,20.49,"White, Tobin",25.5,20.61,4.0,Columbia,Freestyle,SR
5,50.0,4.0,20.75,"Gorter, Brad",24.0,20.55,6.0,Cornell,Freestyle,JR
6,50.0,4.0,20.77,"Carr, Devon",23.0,20.68,7.0,Pennsylvania,Freestyle,JR
7,50.0,4.0,20.80,"Carter, Mike",22.0,20.65,8.0,Princeton,Freestyle,SO
8,50.0,4.0,20.72,"Baity, Phil",20.0,20.75,9.0,Cornell,Freestyle,SO
9,50.0,4.0,20.83,"Laren, Colin",17.0,20.75,10.0,Cornell,Freestyle,FR
10,50.0,4.0,20.85,"Gallagher, Pat",16.0,20.82,11.0,Pennsylvania,Freestyle,JR
11,50.0,4.0,20.93,"Carey, Kevin",15.0,20.92,12.0,Cornell,Freestyle,SO
12,50.0,4.0,21.03,"Unruh, Joseph",14.0,21.00,13.0,Navy,Freestyle,SO
13,50.0,4.0,21.05,"Oldenkamp, Alex",13.0,20.97,14.0,Navy,Freestyle,SO
14,50.0,4.0,21.14,"Mihalko, Preston",12.0,20.91,15.0,Navy,Freestyle,SO
15,50.0,4.0,21.23,"Pool, Chris",11.0,20.92,16.0,Yale,Freestyle,SO
16,50.0,4.0,20.81,"Baity, Mike",9.0,21.06,17.0,Princeton,Freestyle,JR
17,50.0,4.0,21.03,"Dragelin, John",7.0,21.13,18.0,Columbia,Freestyle,SO
18,50.0,4.0,21.10,"Ko, Steven",6.0,21.14,19.0,Columbia,Freestyle,SO
19,50.0,4.0,21.18,"Hug, Kevin",5.0,21.15,20.0,Brown,Freestyle,JR
20,50.0,4.0,21.19,"Wetmore, Tucker",4.0,21.19,21.0,Brown,Freestyle,FR
21,50.0,4.0,21.28,"Hays, Paris",3.0,21.16,22.0,Brown,Freestyle,FR
22,50.0,4.0,21.42,"Huxley, Trent",2.0,21.16,23.0,Brown,Freestyle,FR
23,50.0,4.0,21.51,"Jones, Bill",1.0,21.09,24.0,Harvard,Freestyle,SO
0,1.0,5.0,305.90,"Sanders, Luke",32.0,277.90,1.0,Harvard,Diving,JR
1,1.0,5.0,294.85,"Papageorge, Mike",28.0,294.00,2.0,Princeton,Diving,FR
2,1.0,5.0,293.80,"Lichtenstein, Jeff",27.0,310.05,3.0,Yale,Diving,JR
3,1.0,5.0,289.35,"Reardon, Justin",26.0,272.35,4.0,Columbia,Diving,JR
4,1.0,5.0,280.60,"Malcolm, Stuart",25.0,279.65,5.0,Princeton,Diving,JR
5,1.0,5.0,272.45,"Galinski, Jonathan",24.0,270.75,6.0,Navy,Diving,SO
6,1.0,5.0,260.55,"Teague, Kevin",23.0,286.20,7.0,Navy,Diving,SR
7,1.0,5.0,243.10,"Niekras, Adam",22.0,273.65,8.0,Navy,Diving,JR
8,1.0,5.0,315.30,"Berry, Andrew",20.0,259.30,9.0,Dartmouth,Diving,JR
9,1.0,5.0,274.95,"Scott, Doug",17.0,261.20,10.0,Yale,Diving,JR
10,1.0,5.0,274.65,"Hayden, Pat",16.0,257.30,11.0,Yale,Diving,JR
11,1.0,5.0,255.75,"Donohoe, Chris",15.0,257.00,12.0,Cornell,Diving,SO
12,1.0,5.0,254.30,"Kambe, CJ",14.0,239.15,13.0,Brown,Diving,FR
13,1.0,5.0,252.25,"Razook, Charlie",13.0,257.55,14.0,Princeton,Diving,SO
14,1.0,5.0,249.75,"Baer, Luke",12.0,259.05,15.0,Cornell,Diving,SR
15,1.0,5.0,248.55,"Dickerson, Dan",11.0,264.00,16.0,Princeton,Diving,FR
0,1000.0,8.0,9:06.36,"Wollner, Samuel",32.0,N/A,1.0,Harvard,Freestyle,JR
1,1000.0,8.0,9:06.64,"Griest, Robert",28.0,N/A,2.0,Princeton,Freestyle,SO
2,1000.0,8.0,9:08.61,"Ashley, Dave",27.0,N/A,3.0,Princeton,Freestyle,SR
3,1000.0,8.0,9:10.18,"Lynch, Eric",26.0,N/A,4.0,Harvard,Freestyle,SO
4,1000.0,8.0,9:12.40,"Fog, Henning",25.0,N/A,5.0,Columbia,Freestyle,JR
5,1000.0,8.0,9:15.52,"Volosin, Peter",24.0,N/A,6.0,Brown,Freestyle,JR
6,1000.0,8.0,9:17.08,"Meyer, Alex",23.0,N/A,7.0,Harvard,Freestyle,FR
7,1000.0,8.0,9:17.20,"Brunnick, Mason",22.0,N/A,8.0,Harvard,Freestyle,FR
8,1000.0,8.0,9:19.88,"Buncher, Stan",20.0,N/A,9.0,Princeton,Freestyle,JR
9,1000.0,8.0,9:21.07,"Ellis, Kevin",17.0,N/A,10.0,Dartmouth,Freestyle,SO
10,1000.0,8.0,9:21.48,"Abbott, Jake",15.5,N/A,11.0,Columbia,Freestyle,SR
11,1000.0,8.0,9:21.48,"Fee, James",15.5,N/A,11.0,Pennsylvania,Freestyle,FR
12,1000.0,8.0,9:26.39,"Reeb, Cody",14.0,N/A,13.0,Navy,Freestyle,FR
13,1000.0,8.0,9:27.76,"Gray, Thomas",13.0,N/A,14.0,Harvard,Freestyle,FR
14,1000.0,8.0,9:28.07,"Cochran, Nick",12.0,N/A,15.0,Cornell,Freestyle,SO
15,1000.0,8.0,9:29.79,"Garber, Kent",11.0,N/A,16.0,Yale,Freestyle,SR
16,1000.0,8.0,9:31.13,"Hutchinson, Jack",9.0,N/A,17.0,Yale,Freestyle,SR
17,1000.0,8.0,9:31.44,"McGrath, Jason",7.0,N/A,18.0,Pennsylvania,Freestyle,SR
18,1000.0,8.0,9:33.27,"Cousins, Sebastian",6.0,N/A,19.0,Yale,Freestyle,SO
19,1000.0,8.0,9:37.65,"Diehl, Porter",5.0,N/A,20.0,Dartmouth,Freestyle,SO
20,1000.0,8.0,9:38.12,"Braunreuther, Joe",4.0,N/A,21.0,Dartmouth,Freestyle,JR
21,1000.0,8.0,9:38.21,"Guthmann, David",3.0,N/A,22.0,Navy,Freestyle,SO
22,1000.0,8.0,9:45.52,"Thompson, Brandon",2.0,N/A,23.0,Pennsylvania,Freestyle,SR
23,1000.0,8.0,9:48.58,"Curran, Jack",1.0,N/A,24.0,Navy,Freestyle,FR
24,1000.0,8.0,9:48.99,"Glenn, Rob",0.99,N/A,25.0,Brown,Freestyle,JR
25,1000.0,8.0,9:52.63,"Andres, Josh",0.63,N/A,26.0,Navy,Freestyle,JR
26,1000.0,8.0,9:55.40,"Stathopoulos, Cary",0.4,N/A,27.0,Dartmouth,Freestyle,FR
0,400.0,9.0,3:47.59,"Rathgeber, Geoff",32.0,3:56.69,1.0,Harvard,IM,JR
1,400.0,9.0,3:51.47,"Hasbani, Meir",28.0,3:54.78,2.0,Princeton,IM,SR
2,400.0,9.0,3:54.70,"Ruse, Tim",27.0,3:57.92,3.0,Princeton,IM,SR
3,400.0,9.0,3:55.38,"Schaffer, Will",26.0,3:55.58,4.0,Princeton,IM,SO
4,400.0,9.0,3:57.42,"Meyer, Adam",25.0,3:56.69,5.0,Navy,IM,FR
5,400.0,9.0,3:58.19,"Quemena, Chris",24.0,3:58.89,6.0,Princeton,IM,FR
6,400.0,9.0,4:01.34,"Rubenstein, Billy",23.0,3:59.59,7.0,Yale,IM,JR
7,400.0,9.0,4:04.70,"Eckel, Dan",22.0,3:59.57,8.0,Princeton,IM,SO
8,400.0,9.0,3:58.42,"Cheung-Lau, Cedric",20.0,4:00.17,9.0,Columbia,IM,SO
9,400.0,9.0,3:58.99,"Glassman, Zachary",17.0,4:00.85,10.0,Columbia,IM,SO
10,400.0,9.0,3:59.30,"Steen, Craig",16.0,4:00.10,11.0,Yale,IM,FR
11,400.0,9.0,3:59.37,"Vey, Billy",15.0,4:01.44,12.0,Navy,IM,SO
12,400.0,9.0,4:00.13,"McCloskey, Dennen",14.0,4:00.34,13.0,Yale,IM,SO
13,400.0,9.0,4:00.69,"Bowen, Michael",13.0,4:01.91,14.0,Harvard,IM,JR
14,400.0,9.0,4:03.01,"Pagan, Darren",12.0,4:00.74,15.0,Columbia,IM,FR
15,400.0,9.0,4:07.80,"Oates, Nick",11.0,4:02.25,16.0,Cornell,IM,JR
16,400.0,9.0,4:02.33,"McElroy, Kyle",9.0,4:02.46,17.0,Yale,IM,SO
17,400.0,9.0,4:03.07,"Ballentine, Andrew",7.0,4:05.03,18.0,Dartmouth,IM,SO
18,400.0,9.0,4:03.74,"Thompson, Brandon",6.0,4:04.44,19.0,Pennsylvania,IM,SR
19,400.0,9.0,4:04.35,"Lascara, James",5.0,4:06.47,20.0,Navy,IM,FR
20,400.0,9.0,4:04.51,"Ramone, Ross",4.0,4:05.12,21.0,Columbia,IM,FR
21,400.0,9.0,4:08.02,"Dierberg, Ryan",3.0,4:08.48,22.0,Pennsylvania,IM,FR
22,400.0,9.0,4:08.17,"Collier, David",2.0,4:08.16,23.0,Columbia,IM,SO
23,400.0,9.0,4:12.47,"Royster, Max",1.0,4:08.48,24.0,Cornell,IM,FR
0,100.0,10.0,47.94,"Lennox, Doug",32.0,48.27,1.0,Princeton,Butterfly,SO
1,100.0,10.0,48.59,"Jones, Dan",28.0,48.86,2.0,Harvard,Butterfly,SO
2,100.0,10.0,48.65,"Jones, Bill",27.0,49.47,3.0,Harvard,Butterfly,SO
3,100.0,10.0,48.87,"Pool, Chris",26.0,48.78,4.0,Yale,Butterfly,SO
4,100.0,10.0,49.13,"Newman, Brad",25.0,49.47,5.0,Cornell,Butterfly,SR
5,100.0,10.0,49.19,"Quinn, Pat",24.0,48.74,6.0,Harvard,Butterfly,JR
6,100.0,10.0,49.36,"Dzialo, Ben",23.0,49.49,7.0,Yale,Butterfly,SR
7,100.0,10.0,50.11,"Laren, Colin",22.0,49.55,8.0,Cornell,Butterfly,FR
8,100.0,10.0,49.31,"Ricketts, Dan",20.0,49.75,9.0,Brown,Butterfly,SO
9,100.0,10.0,49.65,"Degnan-Rojeski, Jason",17.0,49.55,10.0,Harvard,Butterfly,SR
10,100.0,10.0,49.66,"Zee, Mike",16.0,49.97,11.0,Princeton,Butterfly,SR
11,100.0,10.0,49.93,"Robinson, Tom",15.0,49.82,12.0,Yale,Butterfly,FR
12,100.0,10.0,50.26,"Ko, Steven",14.0,50.00,13.0,Columbia,Butterfly,SO
13,100.0,10.0,50.27,"Carr, Devon",13.0,50.04,14.0,Pennsylvania,Butterfly,JR
14,100.0,10.0,50.34,"Goettke, Rich",12.0,49.98,15.0,Harvard,Butterfly,SR
15,100.0,10.0,50.44,"Alexander, Richard",11.0,50.15,16.0,Brown,Butterfly,SO
16,100.0,10.0,49.99,"Baity, Mike",9.0,50.18,17.0,Princeton,Butterfly,JR
17,100.0,10.0,50.18,"Wiese, Jack",7.0,50.27,18.0,Pennsylvania,Butterfly,FR
18,100.0,10.0,50.24,"Wang, Jackson",6.0,50.17,19.0,Cornell,Butterfly,SO
19,100.0,10.0,50.31,"Barron, Nick",5.0,50.29,20.0,Columbia,Butterfly,FR
20,100.0,10.0,50.42,"Scheid, Tyler",4.0,50.42,21.0,Yale,Butterfly,SO
21,100.0,10.0,50.53,"Gan, Ben",3.0,50.18,22.0,Pennsylvania,Butterfly,SO
22,100.0,10.0,50.85,"Griffith, Joe",2.0,50.45,23.0,Pennsylvania,Butterfly,SR
23,100.0,10.0,50.94,"Schubiner, Gabe",1.0,50.31,24.0,Columbia,Butterfly,FR
0,200.0,11.0,1:35.52,"Smit, Mike",32.0,1:37.65,1.0,Cornell,Freestyle,SR
1,200.0,11.0,1:36.18,"Newman, Wes",28.0,1:37.57,2.0,Cornell,Freestyle,SO
2,200.0,11.0,1:37.61,"White, Tobin",27.0,1:37.84,3.0,Columbia,Freestyle,SR
3,200.0,11.0,1:38.39,"Wakefield, Kevin",26.0,1:38.22,4.0,Columbia,Freestyle,SO
4,200.0,11.0,1:38.45,"Guernsey, David",25.0,1:38.89,5.0,Harvard,Freestyle,SO
5,200.0,11.0,1:39.13,"Foss, Andrew",24.0,1:38.63,6.0,Yale,Freestyle,SR
6,200.0,11.0,1:39.44,"Gallagher, Pat",23.0,1:38.55,7.0,Pennsylvania,Freestyle,JR
7,200.0,11.0,1:42.39,"Carter, Mike",22.0,1:38.84,8.0,Princeton,Freestyle,SO
8,200.0,11.0,1:38.51,"Lee, Hyun",20.0,1:39.50,9.0,Columbia,Freestyle,SO
9,200.0,11.0,1:39.23,"Hartmann, Jon",17.0,1:39.33,10.0,Princeton,Freestyle,FR
10,200.0,11.0,1:39.53,"Jenkins, Christopher",16.0,1:39.91,11.0,Navy,Freestyle,JR
11,200.0,11.0,1:39.95,"Flemming, Danny",15.0,1:40.11,12.0,Navy,Freestyle,SR
12,200.0,11.0,1:40.89,"Dragelin, John",14.0,1:41.35,13.0,Columbia,Freestyle,SO
13,200.0,11.0,1:41.88,"Cousins, Sebastian",13.0,1:41.00,14.0,Yale,Freestyle,SO
14,200.0,11.0,1:42.31,"Carey, Kevin",12.0,1:40.48,15.0,Cornell,Freestyle,SO
15,200.0,11.0,1:42.61,"Waterman, Jordan",11.0,1:40.93,16.0,Harvard,Freestyle,FR
16,200.0,11.0,1:40.79,"Wood, Matthew",9.0,1:41.77,17.0,Navy,Freestyle,JR
17,200.0,11.0,1:43.47,"Pinto, J.D.",7.0,1:44.35,18.0,Brown,Freestyle,FR
18,200.0,11.0,1:43.71,"Curran, Jack",6.0,1:44.10,19.0,Navy,Freestyle,FR
19,200.0,11.0,1:43.93,"Loughran, Kyle",5.0,1:44.58,20.0,Pennsylvania,Freestyle,FR
20,200.0,11.0,1:44.20,"McCreery, Ryan",4.0,1:45.14,21.0,Cornell,Freestyle,SO
21,200.0,11.0,1:45.70,"Sorensen, Scott",3.0,1:43.27,22.0,Dartmouth,Freestyle,FR
22,200.0,11.0,1:45.97,"Koweek, David",2.0,1:45.66,23.0,Brown,Freestyle,SO
23,200.0,11.0,1:48.02,"Butler, Brent",1.0,1:47.27,24.0,Dartmouth,Freestyle,SR
0,100.0,12.0,53.94,"McKechnie, Dave",32.0,54.31,1.0,Cornell,Breaststroke,SR
1,100.0,12.0,56.10,"Glassman, Zachary",28.0,56.77,2.0,Columbia,Breaststroke,SO
2,100.0,12.0,56.55,"Kysiak, Kevin",27.0,57.29,3.0,Navy,Breaststroke,JR
3,100.0,12.0,56.59,"Nelson, Michael",26.0,56.40,4.0,Columbia,Breaststroke,SR
4,100.0,12.0,56.68,"Silvester, Alex",25.0,56.80,5.0,Pennsylvania,Breaststroke,SR
5,100.0,12.0,56.84,"Stalnecker, Colin",24.0,57.20,6.0,Yale,Breaststroke,JR
6,100.0,12.0,56.85,"Sweitzer, Matt",23.0,57.29,7.0,Yale,Breaststroke,SO
7,100.0,12.0,57.11,"Chen, Easton",22.0,56.95,8.0,Princeton,Breaststroke,SO
8,100.0,12.0,57.14,"Christiana, Joc",20.0,57.37,9.0,Harvard,Breaststroke,SR
9,100.0,12.0,57.24,"Melillo, Simone",17.0,57.30,10.0,Harvard,Breaststroke,FR
10,100.0,12.0,57.82,"Maul, Chaz",16.0,57.42,11.0,Pennsylvania,Breaststroke,SO
11,100.0,12.0,58.02,"Tang, Eric",15.0,57.98,12.0,Columbia,Breaststroke,FR
12,100.0,12.0,58.04,"Kennedy, John",14.0,57.92,13.0,Navy,Breaststroke,SR
13,100.0,12.0,58.28,"Grant, Ray",13.0,57.91,14.0,Brown,Breaststroke,FR
14,100.0,12.0,58.40,"Ott, Mike",12.0,57.99,15.0,Princeton,Breaststroke,SR
15,100.0,12.0,58.96,"Fiske, Brian",11.0,57.49,16.0,Harvard,Breaststroke,SR
16,100.0,12.0,57.67,"O'Mara, Michael",9.0,58.32,17.0,Brown,Breaststroke,SR
17,100.0,12.0,57.78,"Campbell, Nick",7.0,58.76,18.0,Cornell,Breaststroke,FR
18,100.0,12.0,57.88,"Steen, Craig",6.0,58.31,19.0,Yale,Breaststroke,FR
19,100.0,12.0,58.22,"Walters, Ricky",5.0,58.53,20.0,Pennsylvania,Breaststroke,SO
20,100.0,12.0,58.39,"Bowen, Rich",4.0,58.33,21.0,Cornell,Breaststroke,SR
21,100.0,12.0,58.52,"Oldenkamp, Alex",3.0,58.99,22.0,Navy,Breaststroke,SO
22,100.0,12.0,58.77,"Garcia, Grant",2.0,59.07,23.0,Brown,Breaststroke,JR
23,100.0,12.0,59.05,"Ramone, Ross",1.0,58.45,24.0,Columbia,Breaststroke,FR
0,100.0,13.0,48.01,"Righi, Alex",32.0,48.87,1.0,Yale,Backstroke,SO
1,100.0,13.0,48.61,"Mukri, Kevin",28.0,49.26,2.0,Navy,Backstroke,SR
2,100.0,13.0,48.75,"Baity, Phil",27.0,50.21,3.0,Cornell,Backstroke,SO
3,100.0,13.0,49.84,"Degnan-Rojeski, Jason",26.0,49.50,4.0,Harvard,Backstroke,SR
4,100.0,13.0,49.89,"Zee, Mike",25.0,49.61,5.0,Princeton,Backstroke,SR
5,100.0,13.0,50.27,"Ricketts, Dan",24.0,50.28,6.0,Brown,Backstroke,SO
6,100.0,13.0,50.36,"Fitzpatrick, Luke",23.0,50.25,7.0,Columbia,Backstroke,SR
7,100.0,13.0,50.72,"Hug, Kevin",22.0,50.54,8.0,Brown,Backstroke,JR
8,100.0,13.0,50.55,"Robinson, Tom",20.0,50.62,9.0,Yale,Backstroke,FR
9,100.0,13.0,50.56,"MacDonald, Larkin",17.0,51.44,10.0,Pennsylvania,Backstroke,FR
10,100.0,13.0,50.88,"Zann, Geof",16.0,50.57,11.0,Yale,Backstroke,SR
11,100.0,13.0,51.39,"O'Connor, Dan",15.0,51.42,12.0,Princeton,Backstroke,SO
12,100.0,13.0,51.50,"Rainaud, Ted",14.0,50.76,13.0,Pennsylvania,Backstroke,SR
13,100.0,13.0,51.75,"Newman, Brad",13.0,51.78,14.0,Cornell,Backstroke,SR
14,100.0,13.0,51.80,"Schubiner, Gabe",11.5,51.48,15.0,Columbia,Backstroke,FR
15,100.0,13.0,51.80,"Gorter, Brad",11.5,51.43,15.0,Cornell,Backstroke,JR
16,100.0,13.0,51.69,"Goettke, Rich",9.0,52.02,17.0,Harvard,Backstroke,SR
17,100.0,13.0,51.94,"Kelly, Brian",7.0,52.04,18.0,Brown,Backstroke,JR
18,100.0,13.0,51.97,"Weitekamp, Chris",6.0,52.24,19.0,Pennsylvania,Backstroke,JR
19,100.0,13.0,51.98,"Levko, Zachary",5.0,52.18,20.0,Brown,Backstroke,FR
20,100.0,13.0,52.00,"Mihalko, Preston",4.0,52.41,21.0,Navy,Backstroke,SO
21,100.0,13.0,52.02,"Hetzner, Andrew",3.0,51.93,22.0,Navy,Backstroke,FR
22,100.0,13.0,52.38,"Wang, Jackson",2.0,52.32,23.0,Cornell,Backstroke,SO
23,100.0,13.0,52.61,"Russell, Gordon",1.0,52.11,24.0,Dartmouth,Backstroke,JR
0,1650.0,15.0,15:15.37,"Wollner, Samuel",32.0,N/A,1.0,Harvard,Freestyle,JR
1,1650.0,15.0,15:15.56,"Lynch, Eric",28.0,N/A,2.0,Harvard,Freestyle,SO
2,1650.0,15.0,15:21.42,"Griest, Robert",27.0,N/A,3.0,Princeton,Freestyle,SO
3,1650.0,15.0,15:24.95,"Ashley, Dave",26.0,N/A,4.0,Princeton,Freestyle,SR
4,1650.0,15.0,15:26.71,"Fog, Henning",25.0,N/A,5.0,Columbia,Freestyle,JR
5,1650.0,15.0,15:31.69,"Meyer, Alex",24.0,N/A,6.0,Harvard,Freestyle,FR
6,1650.0,15.0,15:33.09,"Brunnick, Mason",23.0,N/A,7.0,Harvard,Freestyle,FR
7,1650.0,15.0,15:35.60,"Ellis, Kevin",22.0,N/A,8.0,Dartmouth,Freestyle,SO
8,1650.0,15.0,15:39.81,"Buncher, Stan",20.0,N/A,9.0,Princeton,Freestyle,JR
9,1650.0,15.0,15:44.92,"Reeb, Cody",17.0,N/A,10.0,Navy,Freestyle,FR
10,1650.0,15.0,15:46.19,"Fee, James",16.0,N/A,11.0,Pennsylvania,Freestyle,FR
11,1650.0,15.0,15:46.27,"Volosin, Peter",15.0,N/A,12.0,Brown,Freestyle,JR
12,1650.0,15.0,15:50.24,"Cheung-Lau, Cedric",14.0,N/A,13.0,Columbia,Freestyle,SO
13,1650.0,15.0,15:52.04,"Garber, Kent",13.0,N/A,14.0,Yale,Freestyle,SR
14,1650.0,15.0,15:53.14,"Abbott, Jake",12.0,N/A,15.0,Columbia,Freestyle,SR
15,1650.0,15.0,15:57.54,"Gray, Thomas",11.0,N/A,16.0,Harvard,Freestyle,FR
16,1650.0,15.0,15:58.26,"Braunreuther, Joe",9.0,N/A,17.0,Dartmouth,Freestyle,JR
17,1650.0,15.0,15:59.81,"Hutchinson, Jack",7.0,N/A,18.0,Yale,Freestyle,SR
18,1650.0,15.0,16:00.14,"McGrath, Jason",6.0,N/A,19.0,Pennsylvania,Freestyle,SR
19,1650.0,15.0,16:08.99,"Diehl, Porter",5.0,N/A,20.0,Dartmouth,Freestyle,SO
20,1650.0,15.0,16:14.43,"Guthmann, David",4.0,N/A,21.0,Navy,Freestyle,SO
21,1650.0,15.0,16:18.74,"Thompson, Brandon",3.0,N/A,22.0,Pennsylvania,Freestyle,SR
22,1650.0,15.0,16:21.78,"Glenn, Rob",2.0,N/A,23.0,Brown,Freestyle,JR
23,1650.0,15.0,16:23.26,"Stathopoulos, Cary",1.0,N/A,24.0,Dartmouth,Freestyle,FR
24,1650.0,15.0,16:30.38,"Andres, Josh",0.38,N/A,25.0,Navy,Freestyle,JR
0,200.0,16.0,1:43.54,"Rathgeber, Geoff",32.0,1:45.05,1.0,Harvard,Backstroke,JR
1,200.0,16.0,1:45.62,"Mukri, Kevin",28.0,1:46.38,2.0,Navy,Backstroke,SR
2,200.0,16.0,1:45.85,"Baity, Phil",27.0,1:47.50,3.0,Cornell,Backstroke,SO
3,200.0,16.0,1:47.71,"Newman, Wes",26.0,1:49.17,4.0,Cornell,Backstroke,SO
4,200.0,16.0,1:48.27,"Degnan-Rojeski, Jason",25.0,1:47.53,5.0,Harvard,Backstroke,SR
5,200.0,16.0,1:48.54,"Zann, Geof",24.0,1:48.66,6.0,Yale,Backstroke,SR
6,200.0,16.0,1:49.05,"Robinson, Tom",23.0,1:48.35,7.0,Yale,Backstroke,FR
7,200.0,16.0,1:51.26,"Schubiner, Gabe",22.0,1:49.25,8.0,Columbia,Backstroke,FR
8,200.0,16.0,1:49.11,"Zee, Mike",20.0,1:49.41,9.0,Princeton,Backstroke,SR
9,200.0,16.0,1:49.20,"Fitzpatrick, Luke",17.0,1:49.42,10.0,Columbia,Backstroke,SR
10,200.0,16.0,1:49.21,"McCloskey, Dennen",16.0,1:50.67,11.0,Yale,Backstroke,SO
11,200.0,16.0,1:49.74,"O'Connor, Dan",15.0,1:49.82,12.0,Princeton,Backstroke,SO
12,200.0,16.0,1:50.09,"Russell, Gordon",14.0,1:50.11,13.0,Dartmouth,Backstroke,JR
13,200.0,16.0,1:51.01,"Pagan, Darren",13.0,1:50.48,14.0,Columbia,Backstroke,FR
14,200.0,16.0,1:51.23,"Cheung-Lau, Cedric",12.0,1:50.67,15.0,Columbia,Backstroke,SO
15,200.0,16.0,1:51.87,"Vey, Billy",11.0,1:50.69,16.0,Navy,Backstroke,SO
16,200.0,16.0,1:49.71,"Hug, Kevin",9.0,1:51.22,17.0,Brown,Backstroke,JR
17,200.0,16.0,1:50.51,"MacDonald, Larkin",7.0,1:51.12,18.0,Pennsylvania,Backstroke,FR
18,200.0,16.0,1:52.08,"Rubenstein, Billy",6.0,1:50.99,19.0,Yale,Backstroke,JR
19,200.0,16.0,1:52.19,"Rainaud, Ted",5.0,1:51.27,20.0,Pennsylvania,Backstroke,SR
20,200.0,16.0,1:52.25,"Dufek, Chris",4.0,1:53.17,21.0,Yale,Backstroke,SR
21,200.0,16.0,1:52.46,"Bowen, Michael",3.0,1:51.21,22.0,Harvard,Backstroke,JR
22,200.0,16.0,1:52.49,"Hetzner, Andrew",2.0,1:53.32,23.0,Navy,Backstroke,FR
23,200.0,16.0,1:53.17,"Collier, David",1.0,1:51.69,24.0,Columbia,Backstroke,SO
0,100.0,17.0,43.19,"Righi, Alex",32.0,43.96,1.0,Yale,Freestyle,SO
1,100.0,17.0,44.30,"White, Tobin",28.0,44.62,2.0,Columbia,Freestyle,SR
2,100.0,17.0,44.68,"Quinn, Pat",27.0,44.76,3.0,Harvard,Freestyle,JR
3,100.0,17.0,44.81,"Kelly, Brian",26.0,44.83,4.0,Brown,Freestyle,JR
4,100.0,17.0,44.84,"Guernsey, David",25.0,44.83,5.0,Harvard,Freestyle,SO
5,100.0,17.0,45.15,"Gallagher, Pat",24.0,44.96,6.0,Pennsylvania,Freestyle,JR
6,100.0,17.0,45.47,"Carter, Mike",23.0,45.56,7.0,Princeton,Freestyle,SO
7,100.0,17.0,47.70,"Lennox, Doug",22.0,45.40,8.0,Princeton,Freestyle,SO
8,100.0,17.0,45.55,"Wood, Matthew",20.0,45.96,9.0,Navy,Freestyle,JR
9,100.0,17.0,45.64,"Carey, Kevin",17.0,45.81,10.0,Cornell,Freestyle,SO
10,100.0,17.0,45.67,"Wakefield, Kevin",16.0,46.08,11.0,Columbia,Freestyle,SO
11,100.0,17.0,45.70,"Gorter, Brad",15.0,45.94,12.0,Cornell,Freestyle,JR
12,100.0,17.0,45.71,"Oldenkamp, Alex",14.0,46.10,13.0,Navy,Freestyle,SO
13,100.0,17.0,46.05,"Hartmann, Jon",13.0,45.83,14.0,Princeton,Freestyle,FR
14,100.0,17.0,46.42,"Mihalko, Preston",12.0,46.09,15.0,Navy,Freestyle,SO
15,100.0,17.0,46.45,"Huxley, Trent",11.0,46.12,16.0,Brown,Freestyle,FR
16,100.0,17.0,45.95,"Foss, Andrew",9.0,46.16,17.0,Yale,Freestyle,SR
17,100.0,17.0,46.13,"Laren, Colin",6.5,46.25,18.0,Cornell,Freestyle,FR
18,100.0,17.0,46.13,"Wang, Jackson",6.5,46.23,18.0,Cornell,Freestyle,SO
19,100.0,17.0,46.21,"Unruh, Joseph",5.0,46.16,20.0,Navy,Freestyle,SO
20,100.0,17.0,46.36,"Dragelin, John",4.0,46.40,21.0,Columbia,Freestyle,SO
21,100.0,17.0,46.64,"Waterman, Jordan",3.0,46.33,22.0,Harvard,Freestyle,FR
22,100.0,17.0,46.81,"Ko, Steven",2.0,46.38,23.0,Columbia,Freestyle,SO
23,100.0,17.0,46.90,"Flemming, Danny",1.0,46.35,24.0,Navy,Freestyle,SR
0,200.0,18.0,2:00.18,"McKechnie, Dave",32.0,2:02.67,1.0,Cornell,Breaststroke,SR
1,200.0,18.0,2:01.22,"Nelson, Michael",28.0,2:04.24,2.0,Columbia,Breaststroke,SR
2,200.0,18.0,2:01.30,"Glassman, Zachary",27.0,2:02.32,3.0,Columbia,Breaststroke,SO
3,200.0,18.0,2:02.37,"Schaffer, Will",26.0,2:03.57,4.0,Princeton,Breaststroke,SO
4,200.0,18.0,2:04.33,"Stalnecker, Colin",25.0,2:04.00,5.0,Yale,Breaststroke,JR
5,200.0,18.0,2:04.43,"Christiana, Joc",24.0,2:04.08,6.0,Harvard,Breaststroke,SR
6,200.0,18.0,2:04.81,"Steen, Craig",23.0,2:04.61,7.0,Yale,Breaststroke,FR
7,200.0,18.0,2:05.13,"Chen, Easton",22.0,2:04.30,8.0,Princeton,Breaststroke,SO
8,200.0,18.0,2:04.26,"Meyer, Adam",20.0,2:05.35,9.0,Navy,Breaststroke,FR
9,200.0,18.0,2:04.46,"Melillo, Simone",17.0,2:04.82,10.0,Harvard,Breaststroke,FR
10,200.0,18.0,2:05.36,"Ramone, Ross",16.0,2:05.38,11.0,Columbia,Breaststroke,FR
11,200.0,18.0,2:05.37,"Ott, Mike",15.0,2:05.37,12.0,Princeton,Breaststroke,SR
12,200.0,18.0,2:05.65,"Quemena, Chris",14.0,2:05.76,13.0,Princeton,Breaststroke,FR
13,200.0,18.0,2:05.87,"Bowen, Rich",13.0,2:04.64,14.0,Cornell,Breaststroke,SR
14,200.0,18.0,2:06.36,"Silvester, Alex",12.0,2:06.25,15.0,Pennsylvania,Breaststroke,SR
15,200.0,18.0,2:07.87,"Kysiak, Kevin",11.0,2:05.33,16.0,Navy,Breaststroke,JR
16,200.0,18.0,2:04.94,"Kennedy, John",9.0,2:06.80,17.0,Navy,Breaststroke,SR
17,200.0,18.0,2:06.40,"Tang, Eric",7.0,2:07.31,18.0,Columbia,Breaststroke,FR
18,200.0,18.0,2:06.75,"McElroy, Kyle",6.0,2:06.42,19.0,Yale,Breaststroke,SO
19,200.0,18.0,2:07.15,"O'Mara, Michael",5.0,2:09.03,20.0,Brown,Breaststroke,SR
20,200.0,18.0,2:07.47,"Sweitzer, Matt",4.0,2:07.74,21.0,Yale,Breaststroke,SO
21,200.0,18.0,2:08.05,"Grant, Ray",3.0,2:07.04,22.0,Brown,Breaststroke,FR
22,200.0,18.0,2:08.37,"Fiske, Brian",2.0,2:07.89,23.0,Harvard,Breaststroke,SR
23,200.0,18.0,2:08.42,"Rasin, Arkady",1.0,2:08.63,24.0,Brown,Breaststroke,SO
0,200.0,19.0,1:46.44,"Smit, Mike",32.0,1:46.97,1.0,Cornell,Butterfly,SR
1,200.0,19.0,1:47.04,"Hasbani, Meir",28.0,1:46.85,2.0,Princeton,Butterfly,SR
2,200.0,19.0,1:47.20,"Eckel, Dan",27.0,1:46.90,3.0,Princeton,Butterfly,SO
3,200.0,19.0,1:47.36,"Lee, Hyun",26.0,1:47.80,4.0,Columbia,Butterfly,SO
4,200.0,19.0,1:47.64,"Jones, Dan",25.0,1:47.91,5.0,Harvard,Butterfly,SO
5,200.0,19.0,1:48.12,"Lennox, Doug",24.0,1:48.07,6.0,Princeton,Butterfly,SO
6,200.0,19.0,1:48.25,"Jones, Bill",23.0,1:48.83,7.0,Harvard,Butterfly,SO
7,200.0,19.0,1:51.29,"Ruse, Tim",22.0,1:48.79,8.0,Princeton,Butterfly,SR
8,200.0,19.0,1:49.35,"Dzialo, Ben",20.0,1:48.85,9.0,Yale,Butterfly,SR
9,200.0,19.0,1:49.57,"Ricketts, Dan",17.0,1:50.50,10.0,Brown,Butterfly,SO
10,200.0,19.0,1:49.72,"Alexander, Richard",16.0,1:50.73,11.0,Brown,Butterfly,SO
11,200.0,19.0,1:49.98,"Pool, Chris",15.0,1:49.20,12.0,Yale,Butterfly,SO
12,200.0,19.0,1:50.03,"Scheid, Tyler",14.0,1:49.43,13.0,Yale,Butterfly,SO
13,200.0,19.0,1:50.66,"Griffith, Joe",13.0,1:51.63,14.0,Pennsylvania,Butterfly,SR
14,200.0,19.0,1:51.55,"Goettke, Rich",12.0,1:51.18,15.0,Harvard,Butterfly,SR
15,200.0,19.0,1:51.64,"Carr, Devon",11.0,1:50.58,16.0,Pennsylvania,Butterfly,JR
16,200.0,19.0,1:51.73,"Wiese, Jack",9.0,1:51.86,17.0,Pennsylvania,Butterfly,FR
17,200.0,19.0,1:52.66,"Cochran, Nick",7.0,1:52.80,18.0,Cornell,Butterfly,SO
18,200.0,19.0,1:52.71,"Barron, Nick",6.0,1:54.07,19.0,Columbia,Butterfly,FR
19,200.0,19.0,1:52.72,"Gan, Ben",5.0,1:53.12,20.0,Pennsylvania,Butterfly,SO
20,200.0,19.0,1:53.05,"Lascara, James",4.0,1:54.64,21.0,Navy,Butterfly,FR
21,200.0,19.0,1:53.27,"Ramos, Mike",3.0,1:53.70,22.0,Cornell,Butterfly,SO
22,200.0,19.0,1:54.26,"Dierberg, Ryan",2.0,1:53.96,23.0,Pennsylvania,Butterfly,FR
23,200.0,19.0,1:56.54,"Collier, David",1.0,1:52.86,24.0,Columbia,Butterfly,SO
0,3.0,20.0,359.00,"Lichtenstein, Jeff",32.0,345.25,1.0,Yale,Diving,JR
1,3.0,20.0,347.45,"Papageorge, Mike",28.0,330.50,2.0,Princeton,Diving,FR
2,3.0,20.0,325.80,"Malcolm, Stuart",27.0,328.85,3.0,Princeton,Diving,JR
3,3.0,20.0,324.05,"Teague, Kevin",26.0,304.20,4.0,Navy,Diving,SR
4,3.0,20.0,321.75,"Reardon, Justin",25.0,298.50,5.0,Columbia,Diving,JR
5,3.0,20.0,310.00,"Sanders, Luke",24.0,317.30,6.0,Harvard,Diving,JR
6,3.0,20.0,297.90,"Scott, Doug",23.0,293.90,7.0,Yale,Diving,JR
7,3.0,20.0,280.95,"Berry, Andrew",22.0,341.00,8.0,Dartmouth,Diving,JR
8,3.0,20.0,338.15,"Baer, Luke",20.0,266.10,9.0,Cornell,Diving,SR
9,3.0,20.0,313.25,"Donohoe, Chris",17.0,291.25,10.0,Cornell,Diving,SO
10,3.0,20.0,308.40,"Razook, Charlie",16.0,276.00,11.0,Princeton,Diving,SO
11,3.0,20.0,306.50,"Dickerson, Dan",15.0,277.35,12.0,Princeton,Diving,FR
12,3.0,20.0,294.45,"Hayden, Pat",14.0,267.75,13.0,Yale,Diving,JR
13,3.0,20.0,286.60,"Robinson, Kai",13.0,263.30,14.0,Brown,Diving,SO
14,3.0,20.0,280.80,"Niekras, Adam",12.0,277.20,15.0,Navy,Diving,JR
15,3.0,20.0,266.75,"Kambe, CJ",11.0,262.00,16.0,Brown,Diving,FR
